your_latitude,your_longitude,matched_latitude,matched_longitude
24.2617,55.6092,42.54277,1.73361
24.433,54.6511,42.54277,1.73361
24.467,54.6103,42.54277,1.73361
24.4283,54.4581,42.54277,1.73361
24.2482,54.5477,42.54277,1.73361
24.2836,52.5803,42.54277,1.73361
24.51,52.3352,42.54277,1.73361
25.1122,56.324,42.54277,1.73361
25.3286,55.5172,42.54277,1.73361
25.2422,55.3314,42.54277,1.73361
